{"cameraMode":{"drawMode":0,"name":"Shaded","section":"Shading Mode"},"sceneLighting":true,"audioPlay":false,"sceneViewState":{"m_AlwaysRefresh":false,"showFog":true,"showSkybox":true,"showFlares":true,"showImageEffects":true,"showParticleSystems":true,"showVisualEffectGraphs":true,"m_FxEnabled":true},"in2DMode":false,"pivot":{"x":1.2860727310180665,"y":-0.15100246667861939,"z":9.694931030273438},"rotation":{"x":0.053414467722177508,"y":0.4166037142276764,"z":-0.0245253536850214,"w":0.907196581363678},"size":3.8364994525909426,"orthographic":false}